Name,Url,SHA256
ISTQB-CTFL-Syllabus-v4.0.1.pdf,https://istqb.org/?download_id=3345&sdm_process_download=1,3b072f81db5c7671aadacc42553e726faa93913a969cc7a89e9dc28c2318d1f1
ISTQB-CTFL-Sample-A-Questions-v1.7.pdf,https://istqb.org/?download_id=3352&sdm_process_download=1,f2996eec47914c04ea5b94422a5d98018ef3b04e44d27900b76a68050a64efb3
ISTQB-CTFL-Sample-A-Answers-v1.7.pdf,https://istqb.org/?download_id=3357&sdm_process_download=1,cd7724806a645a128be41b426782570998fa1694ef5eff4a3239756cc2b579da
ISTQB-CTFL-Sample-B-Questions-v1.7.pdf,https://istqb.org/?download_id=3359&sdm_process_download=1,861ae3a9658aca04b61b841bf9f53d68dc9b5e0c780aa6fb68c2fb2760f3982d
ISTQB-CTFL-Sample-B-Answers-v1.7.pdf,https://istqb.org/?download_id=3365&sdm_process_download=1,d4b616a7927216767e1aae3f1240a7fa8e124c0a423f58ad218228e32814b335
ISTQB-CTFL-Sample-C-Questions-v1.6.pdf,https://istqb.org/?download_id=3369&sdm_process_download=1,0ae653c7704674267674ed6cfd2f84b3b7a89b7e8017563b8c8aaa0e132c3141
ISTQB-CTFL-Sample-C-Answers-v1.6.pdf,https://istqb.org/?download_id=3372&sdm_process_download=1,dd85bff947aadb22b724ecb1a1104a9ee1d9e059e14390c2ee92c91d8fd65683
ISTQB-CTFL-Sample-D-Questions-v1.5.pdf,https://istqb.org/?download_id=3376&sdm_process_download=1,fe11bffb1c823a4addb57bfedd9a88f56e8abf8f87d6716976ab53d5b14dc720
ISTQB-CTFL-Sample-D-Answers-v1.5.pdf,https://istqb.org/?download_id=3380&sdm_process_download=1,aa55a690e819755f42cde11b2340b823353a3bbcec48bbcab5c7b42744f4144e
ISTQB-Exam-Structures-and-Rules-v1.2.pdf,https://istqb.org/?download_id=3829&sdm_process_download=1,caca1b3aa513e93637f20145fabfc18cc666880c522239dbcc5b3a0d0a5f80fa
ISTQB-Exam-Structure-Tables-v1.18.pdf,https://istqb.org/?download_id=3832&sdm_process_download=1,fb443ed71bda8eda038961260cf5d734b75ea50afbc31e4780426a189df6e07d
ISTQB-CTFL-v4.0-Release-Notes.pdf,https://istqb.org/?download_id=3336&sdm_process_download=1,1d106d8d56302872c2b56e61d278f57b77ee60259cf7bb7f7c509adc15b14474
